{
  "ankle_L": {
    "pos": [
      0.46168970814132104,
      0.08603896103896105
    ],
    "band": [
      20,
      100
    ],
    "label": "Ankle L",
    "gain": 0.31276202284041243
  },
  "ankle_R": {
    "pos": [
      0.5591397849462366,
      0.07386363636363638
    ],
    "band": [
      20,
      100
    ],
    "label": "Ankle R",
    "gain": 0.31915294208159206
  },
  "hip_L": {
    "pos": [
      0.43,
      0.28
    ],
    "band": [
      60,
      200
    ],
    "label": "Hip L",
    "gain": 0.5645176695199615
  },
  "hip_R": {
    "pos": [
      0.57,
      0.28
    ],
    "band": [
      60,
      200
    ],
    "label": "Hip R",
    "gain": 0.5714154892042224
  },
  "chest_L": {
    "pos": [
      0.4545007680491552,
      0.5795454545454546
    ],
    "band": [
      100,
      300
    ],
    "label": "Chest L",
    "gain": 1.036880088853073
  },
  "chest_R": {
    "pos": [
      0.5455606758832565,
      0.5706168831168832
    ],
    "band": [
      100,
      300
    ],
    "label": "Chest R",
    "gain": 0.9656533277925625
  },
  "arm_L": {
    "pos": [
      0.3546543778801844,
      0.6655844155844157
    ],
    "band": [
      300,
      1000
    ],
    "label": "Arm L",
    "gain": 1.842882933874218
  },
  "arm_R": {
    "pos": [
      0.6494009216589862,
      0.6696428571428572
    ],
    "band": [
      300,
      1000
    ],
    "label": "Arm R",
    "gain": 1.5524354378982113
  },
  "hand_L": {
    "pos": [
      0.25960061443932414,
      0.588474025974026
    ],
    "band": [
      1000,
      4000
    ],
    "label": "Hand L",
    "gain": 4.0
  },
  "hand_R": {
    "pos": [
      0.7692165898617511,
      0.588474025974026
    ],
    "band": [
      1000,
      4000
    ],
    "label": "Hand R",
    "gain": 4.0
  }
}